"First Name","Last Name","Gender","Age","Email","Phone","Education"
"Darcy","Bailey","Female","24","d.bailey@randatmail.com","148-9042-12","Lower secondary"
"Haris","Kelly","Male","27","h.kelly@randatmail.com","703-6476-88","Upper secondary"
"Annabella","Brown","Female","29","a.brown@randatmail.com","152-3451-11","Master"
"Alberta","Murray","Female","26","a.murray@randatmail.com","045-7446-88","Doctoral"
"Camila","Evans","Female","28","c.evans@randatmail.com","476-4645-36","Upper secondary"
"Isabella","Carroll","Female","20","i.carroll@randatmail.com","688-8232-79","Master"
"Adele","Brooks","Female","28","a.brooks@randatmail.com","951-8878-78","Primary"
"Cadie","Harper","Female","27","c.harper@randatmail.com","448-0116-22","Bachelor"
"Blake","Elliott","Male","25","b.elliott@randatmail.com","915-3434-36","Bachelor"
"Lenny","Bailey","Male","26","l.bailey@randatmail.com","991-2491-53","Master"
"Nicholas","Spencer","Male","19","n.spencer@randatmail.com","594-6541-76","Upper secondary"
"Adele","Gibson","Female","26","a.gibson@randatmail.com","398-6515-43","Upper secondary"
"Jordan","Howard","Male","29","j.howard@randatmail.com","116-8030-07","Master"
"Ellia","Craig","Female","28","e.craig@randatmail.com","626-8669-58","Primary"
"Fiona","Ferguson","Female","25","f.ferguson@randatmail.com","754-3727-27","Primary"
"Patrick","Cameron","Male","20","p.cameron@randatmail.com","384-5004-80","Upper secondary"
"Abraham","Hunt","Male","21","a.hunt@randatmail.com","843-1613-91","Doctoral"
"Belinda","Foster","Female","28","b.foster@randatmail.com","410-4559-97","Bachelor"
"Fiona","Davis","Female","18","f.davis@randatmail.com","110-7456-64","Primary"
"Eleanor","Smith","Female","24","e.smith@randatmail.com","397-0833-38","Upper secondary"
"Adrian","Lloyd","Male","24","a.lloyd@randatmail.com","886-4599-31","Lower secondary"
"Kate","Edwards","Female","24","k.edwards@randatmail.com","326-9058-09","Master"
"Tony","Smith","Male","19","t.smith@randatmail.com","278-3687-28","Doctoral"
"Martin","Holmes","Male","26","m.holmes@randatmail.com","869-0856-96","Doctoral"
"Oscar","Edwards","Male","27","o.edwards@randatmail.com","246-8822-54","Master"
"Albert","Craig","Male","26","a.craig@randatmail.com","338-5270-66","Bachelor"
"Abraham","Wells","Male","23","a.wells@randatmail.com","272-3068-95","Master"
"Dale","Thompson","Male","26","d.thompson@randatmail.com","390-3418-18","Upper secondary"
"Maria","Reed","Female","21","m.reed@randatmail.com","801-5008-78","Master"
"Adison","Hunt","Male","19","a.hunt@randatmail.com","406-8795-21","Doctoral"
"Frederick","Brown","Male","26","f.brown@randatmail.com","248-4954-34","Lower secondary"
"Paige","Cunningham","Female","19","p.cunningham@randatmail.com","581-3111-83","Master"
"Samantha","Ryan","Female","28","s.ryan@randatmail.com","193-3784-48","Primary"
"Naomi","Hall","Female","24","n.hall@randatmail.com","905-1477-98","Upper secondary"
"Adrian","Morgan","Male","20","a.morgan@randatmail.com","454-9374-84","Master"
"Honey","Evans","Female","28","h.evans@randatmail.com","279-0311-12","Master"
"Blake","Alexander","Male","19","b.alexander@randatmail.com","532-9104-20","Master"
"Maximilian","Sullivan","Male","30","m.sullivan@randatmail.com","789-4204-62","Bachelor"
"Arianna","Dixon","Female","18","a.dixon@randatmail.com","915-9719-15","Lower secondary"
"Julian","Cooper","Male","24","j.cooper@randatmail.com","283-9859-32","Lower secondary"
"Melissa","Mason","Female","24","m.mason@randatmail.com","364-8105-00","Master"
"Roman","Gray","Male","21","r.gray@randatmail.com","958-9886-44","Doctoral"
"Brooke","Kelly","Female","23","b.kelly@randatmail.com","926-2959-25","Bachelor"
"Vincent","Bailey","Male","20","v.bailey@randatmail.com","327-3792-28","Upper secondary"
"Alfred","Jones","Male","29","a.jones@randatmail.com","289-4967-79","Doctoral"
"Paul","Wright","Male","19","p.wright@randatmail.com","917-4217-11","Bachelor"
"Daniel","Richardson","Male","28","d.richardson@randatmail.com","393-2734-32","Upper secondary"
"Alisa","Taylor","Female","26","a.taylor@randatmail.com","259-6549-15","Doctoral"
"Myra","Russell","Female","26","m.russell@randatmail.com","465-1619-89","Primary"
"Nicole","Anderson","Female","23","n.anderson@randatmail.com","150-3417-83","Upper secondary"
"Penelope","Baker","Female","18","p.baker@randatmail.com","637-0947-28","Primary"
"Alfred","Higgins","Male","30","a.higgins@randatmail.com","474-5689-82","Upper secondary"
"Eddy","Armstrong","Male","27","e.armstrong@randatmail.com","065-6217-84","Bachelor"
"Adrian","Dixon","Male","30","a.dixon@randatmail.com","043-9613-81","Bachelor"
"Rafael","Rogers","Male","23","r.rogers@randatmail.com","234-1457-11","Upper secondary"
"Mike","Murray","Male","24","m.murray@randatmail.com","800-2675-11","Doctoral"
"Garry","Hill","Male","21","g.hill@randatmail.com","429-0118-69","Bachelor"
"Harold","Barnes","Male","25","h.barnes@randatmail.com","353-5268-65","Upper secondary"
"Caroline","Henderson","Female","30","c.henderson@randatmail.com","621-9390-95","Master"
"Mary","Farrell","Female","19","m.farrell@randatmail.com","507-7799-85","Primary"
"Andrew","Harris","Male","25","a.harris@randatmail.com","401-7027-55","Primary"
"Ada","Wilson","Female","23","a.wilson@randatmail.com","664-3722-88","Doctoral"
"Lyndon","Montgomery","Male","29","l.montgomery@randatmail.com","518-9963-39","Bachelor"
"Roland","Morgan","Male","22","r.morgan@randatmail.com","263-5110-58","Doctoral"
"Elise","Armstrong","Female","27","e.armstrong@randatmail.com","522-2749-27","Doctoral"
"Tyler","Ellis","Male","29","t.ellis@randatmail.com","801-9303-86","Primary"
"Dale","Parker","Male","23","d.parker@randatmail.com","869-8235-51","Upper secondary"
"Dexter","Fowler","Male","22","d.fowler@randatmail.com","603-3783-95","Master"
"Sarah","Barnes","Female","18","s.barnes@randatmail.com","081-5073-45","Upper secondary"
"Heather","Gibson","Female","27","h.gibson@randatmail.com","879-3325-64","Bachelor"
"Chester","Casey","Male","23","c.casey@randatmail.com","328-0369-71","Doctoral"
"Sydney","Douglas","Female","25","s.douglas@randatmail.com","548-3014-28","Master"
"Aida","West","Female","18","a.west@randatmail.com","576-5596-94","Master"
"Julia","Dixon","Female","22","j.dixon@randatmail.com","490-8148-80","Master"
"Carina","Holmes","Female","22","c.holmes@randatmail.com","638-3207-73","Master"
"Mike","Barrett","Male","21","m.barrett@randatmail.com","699-6875-24","Bachelor"
"Caroline","Stewart","Female","28","c.stewart@randatmail.com","194-6971-52","Master"
"Adison","Alexander","Male","18","a.alexander@randatmail.com","029-1692-47","Primary"
"Richard","Roberts","Male","22","r.roberts@randatmail.com","206-1887-95","Upper secondary"
"Luke","Walker","Male","27","l.walker@randatmail.com","490-2374-82","Bachelor"
"Jessica","Cooper","Female","18","j.cooper@randatmail.com","797-7725-44","Primary"
"Stuart","Robinson","Male","21","s.robinson@randatmail.com","587-2466-64","Bachelor"
"Tyler","Harper","Male","20","t.harper@randatmail.com","567-3831-46","Master"
"Freddie","Dixon","Male","21","f.dixon@randatmail.com","070-7145-04","Upper secondary"
"Fiona","Phillips","Female","21","f.phillips@randatmail.com","411-5719-34","Primary"
"Dale","Owens","Male","23","d.owens@randatmail.com","741-8124-79","Primary"
"Frederick","Smith","Male","30","f.smith@randatmail.com","001-7512-70","Master"
"Roland","Dixon","Male","24","r.dixon@randatmail.com","988-5270-55","Bachelor"
"Carina","Mason","Female","28","c.mason@randatmail.com","299-0030-07","Doctoral"
"Elise","Owens","Female","29","e.owens@randatmail.com","249-7193-11","Master"
"Kirsten","Alexander","Female","28","k.alexander@randatmail.com","102-5804-08","Master"
"John","Parker","Male","20","j.parker@randatmail.com","294-1302-43","Upper secondary"
"Andrew","Wells","Male","27","a.wells@randatmail.com","702-7788-14","Primary"
"Mike","Cole","Male","23","m.cole@randatmail.com","591-9479-39","Bachelor"
"Eleanor","Watson","Female","25","e.watson@randatmail.com","699-0929-08","Primary"
"Haris","Turner","Male","26","h.turner@randatmail.com","620-6419-47","Doctoral"
"Leonardo","Miller","Male","29","l.miller@randatmail.com","644-5465-80","Bachelor"
"Lenny","Brooks","Male","29","l.brooks@randatmail.com","265-9194-71","Bachelor"
"Grace","Payne","Female","22","g.payne@randatmail.com","499-7954-54","Bachelor"
"Nicholas","Murray","Male","28","n.murray@randatmail.com","925-9802-50","Upper secondary"
"Antony","Cunningham","Male","26","a.cunningham@randatmail.com","759-6495-07","Doctoral"
"Alen","Edwards","Male","22","a.edwards@randatmail.com","597-4626-94","Upper secondary"
"Dominik","Cunningham","Male","21","d.cunningham@randatmail.com","555-0267-98","Doctoral"
"Richard","Wright","Male","20","r.wright@randatmail.com","668-4582-09","Upper secondary"
"Arianna","Wilson","Female","22","a.wilson@randatmail.com","004-9020-20","Master"
"Carl","Carter","Male","21","c.carter@randatmail.com","821-9202-63","Lower secondary"
"James","Stevens","Male","22","j.stevens@randatmail.com","715-1806-11","Bachelor"
"Eric","Ferguson","Male","26","e.ferguson@randatmail.com","160-6176-26","Primary"
"Maria","Adams","Female","29","m.adams@randatmail.com","267-3409-27","Primary"
"Fenton","Ross","Male","29","f.ross@randatmail.com","803-2134-16","Upper secondary"
"Julian","Bailey","Male","22","j.bailey@randatmail.com","240-1460-53","Bachelor"
"Lily","Davis","Female","29","l.davis@randatmail.com","604-6302-22","Bachelor"
"Samantha","Carter","Female","25","s.carter@randatmail.com","532-4311-87","Master"
"Preston","Thomas","Male","22","p.thomas@randatmail.com","351-5188-67","Bachelor"
"Evelyn","Andrews","Female","18","e.andrews@randatmail.com","699-7913-70","Doctoral"
"Rosie","Bennett","Female","29","r.bennett@randatmail.com","409-9777-78","Bachelor"
"Ashton","Farrell","Male","26","a.farrell@randatmail.com","318-0510-54","Bachelor"
"Emily","Ross","Female","19","e.ross@randatmail.com","264-7024-48","Bachelor"
"Maya","Adams","Female","24","m.adams@randatmail.com","848-0164-41","Upper secondary"
"Abraham","Ellis","Male","23","a.ellis@randatmail.com","646-6365-06","Lower secondary"
"Darcy","Ryan","Female","20","d.ryan@randatmail.com","067-9413-53","Lower secondary"
"Patrick","Watson","Male","23","p.watson@randatmail.com","460-2080-48","Doctoral"
"Wilson","Craig","Male","20","w.craig@randatmail.com","999-1943-02","Upper secondary"
"Sofia","Phillips","Female","23","s.phillips@randatmail.com","172-8005-08","Primary"
"Daisy","Roberts","Female","24","d.roberts@randatmail.com","851-6258-61","Master"
"Dexter","Higgins","Male","19","d.higgins@randatmail.com","328-0946-62","Primary"
"Rafael","Foster","Male","20","r.foster@randatmail.com","111-0347-62","Doctoral"
"Carlos","Brown","Male","27","c.brown@randatmail.com","671-6910-93","Bachelor"
"Sarah","Turner","Female","27","s.turner@randatmail.com","632-4698-15","Bachelor"
"Alexander","Ellis","Male","19","a.ellis@randatmail.com","677-6438-25","Lower secondary"
"Sienna","Wilson","Female","26","s.wilson@randatmail.com","838-2721-08","Lower secondary"
"Victor","Roberts","Male","18","v.roberts@randatmail.com","072-1706-50","Doctoral"
"Vivian","Baker","Female","30","v.baker@randatmail.com","796-1142-04","Bachelor"
"Sawyer","Henderson","Male","19","s.henderson@randatmail.com","208-6615-30","Upper secondary"
"Dexter","Andrews","Male","22","d.andrews@randatmail.com","696-9308-07","Lower secondary"
"Tony","Hawkins","Male","22","t.hawkins@randatmail.com","621-0150-10","Primary"
"Maria","Dixon","Female","21","m.dixon@randatmail.com","484-2642-34","Master"
"Lenny","Clark","Male","20","l.clark@randatmail.com","908-5989-84","Master"
"Aiden","Stevens","Male","27","a.stevens@randatmail.com","871-9261-75","Doctoral"
"Byron","Johnson","Male","30","b.johnson@randatmail.com","096-2577-86","Lower secondary"
"Alexia","Adams","Female","29","a.adams@randatmail.com","372-9088-01","Bachelor"
"Edgar","Hawkins","Male","25","e.hawkins@randatmail.com","570-3196-90","Upper secondary"
"Lenny","Elliott","Male","21","l.elliott@randatmail.com","250-9790-63","Lower secondary"
"Mary","Allen","Female","29","m.allen@randatmail.com","994-7403-12","Doctoral"
"Sabrina","Johnston","Female","24","s.johnston@randatmail.com","004-4734-64","Bachelor"
"Honey","Andrews","Female","29","h.andrews@randatmail.com","072-4820-65","Upper secondary"
"Julia","Craig","Female","30","j.craig@randatmail.com","408-4155-88","Bachelor"
"Tara","Kelley","Female","24","t.kelley@randatmail.com","673-7556-39","Master"
"Andrew","Douglas","Male","18","a.douglas@randatmail.com","664-4163-62","Doctoral"
"Carlos","Barrett","Male","21","c.barrett@randatmail.com","735-5275-50","Lower secondary"
"David","Kelly","Male","30","d.kelly@randatmail.com","506-1354-85","Doctoral"
"Oliver","Cole","Male","24","o.cole@randatmail.com","875-9854-97","Doctoral"
"Aldus","Barnes","Male","29","a.barnes@randatmail.com","458-6215-79","Upper secondary"
"Tiana","Crawford","Female","24","t.crawford@randatmail.com","103-4520-47","Lower secondary"
"Naomi","Nelson","Female","24","n.nelson@randatmail.com","867-3622-01","Lower secondary"
"Sabrina","Dixon","Female","25","s.dixon@randatmail.com","117-4148-58","Upper secondary"
"Catherine","Elliott","Female","28","c.elliott@randatmail.com","831-2129-01","Doctoral"
"Camila","Turner","Female","25","c.turner@randatmail.com","740-5187-55","Master"
"Haris","West","Male","21","h.west@randatmail.com","654-4123-74","Primary"
"Adelaide","Gray","Female","24","a.gray@randatmail.com","397-7274-41","Doctoral"
"Kirsten","Foster","Female","29","k.foster@randatmail.com","348-2036-38","Primary"
"Valeria","Armstrong","Female","23","v.armstrong@randatmail.com","655-8630-96","Master"
"Jessica","Anderson","Female","24","j.anderson@randatmail.com","225-9807-06","Upper secondary"
"Maddie","Hill","Female","22","m.hill@randatmail.com","395-6508-12","Lower secondary"
"Jenna","Alexander","Female","20","j.alexander@randatmail.com","863-1430-79","Lower secondary"
"Melanie","Wilson","Female","25","m.wilson@randatmail.com","661-3474-85","Bachelor"
"Eric","Harris","Male","22","e.harris@randatmail.com","759-5990-84","Lower secondary"
"Tyler","Richards","Male","20","t.richards@randatmail.com","326-2566-01","Doctoral"
"Victor","Smith","Male","26","v.smith@randatmail.com","460-4026-12","Master"
"Gianna","Harrison","Female","19","g.harrison@randatmail.com","265-0921-63","Upper secondary"
"Oliver","Clark","Male","24","o.clark@randatmail.com","072-7038-83","Bachelor"
"Carl","Ross","Male","24","c.ross@randatmail.com","354-9599-69","Upper secondary"
"Sophia","Wilson","Female","20","s.wilson@randatmail.com","102-4890-82","Lower secondary"
"Tyler","Cunningham","Male","27","t.cunningham@randatmail.com","836-6740-08","Lower secondary"
"Sienna","Edwards","Female","25","s.edwards@randatmail.com","273-9269-75","Lower secondary"
"Steven","Ryan","Male","25","s.ryan@randatmail.com","183-7685-27","Upper secondary"
"Garry","Murray","Male","26","g.murray@randatmail.com","171-4030-75","Bachelor"
"Bruce","Dixon","Male","23","b.dixon@randatmail.com","495-3992-92","Bachelor"
"Daryl","Stewart","Male","25","d.stewart@randatmail.com","103-7618-03","Bachelor"
"Daniel","Scott","Male","23","d.scott@randatmail.com","721-7316-67","Lower secondary"
"Tess","Edwards","Female","28","t.edwards@randatmail.com","220-4990-58","Bachelor"
"Maya","Parker","Female","18","m.parker@randatmail.com","173-6704-65","Primary"
"Catherine","Phillips","Female","23","c.phillips@randatmail.com","597-4075-04","Primary"
"Tiana","Perkins","Female","28","t.perkins@randatmail.com","176-3209-42","Master"
"Tara","Baker","Female","22","t.baker@randatmail.com","724-1845-78","Bachelor"
"Alford","Stewart","Male","20","a.stewart@randatmail.com","583-7116-78","Bachelor"
"Jack","Hall","Male","26","j.hall@randatmail.com","473-8236-14","Primary"
"Chloe","Murray","Female","20","c.murray@randatmail.com","555-8208-02","Doctoral"
"Arianna","Cooper","Female","28","a.cooper@randatmail.com","319-6096-83","Master"
"Lilianna","Tucker","Female","24","l.tucker@randatmail.com","280-4866-93","Lower secondary"
"Abigail","Hamilton","Female","29","a.hamilton@randatmail.com","894-9849-65","Lower secondary"
"Audrey","Montgomery","Female","18","a.montgomery@randatmail.com","305-0830-41","Master"
"Adrianna","Morgan","Female","18","a.morgan@randatmail.com","267-2011-24","Lower secondary"
"Oliver","Brooks","Male","29","o.brooks@randatmail.com","912-0362-53","Lower secondary"
"Jordan","Foster","Male","23","j.foster@randatmail.com","859-6828-58","Doctoral"
"Myra","Evans","Female","23","m.evans@randatmail.com","503-6017-19","Doctoral"
"Elise","Cole","Female","28","e.cole@randatmail.com","211-0243-31","Bachelor"
"Anna","Ellis","Female","24","a.ellis@randatmail.com","510-2555-36","Lower secondary"
"Eleanor","Douglas","Female","23","e.douglas@randatmail.com","240-0271-47","Doctoral"
"Sarah","Cunningham","Female","25","s.cunningham@randatmail.com","110-8924-57","Doctoral"
